<?xml version="1.0" encoding="UTF-8"?>
<page xmlns="https://mobile-content-api.cru.org/xmlns/tract" xmlns:content="https://mobile-content-api.cru.org/xmlns/content" background-image="laws-tract-bkg-image-2.jpg">
    <header>
        <number>
            <content:text>2</content:text>
        </number>
        <title>
            <content:text i18n-id="42753c84-8cff-4627-860d-976efcc662eb">MAN IS SINFUL AND SEPARATED FROM GOD.  THEREFORE, HE CANNOT KNOW AND EXPERIENCE GOD'S LOVE AND PLAN FOR HIS LIFE.</content:text>
        </title>
    </header>
    <cards>
        <card>
            <label>
                <content:text i18n-id="9a4916f5-1434-48c4-87df-2e87de3b2323" text-color="rgba(59,164,219,1)">Man Is Sinful</content:text>
            </label>
            <content:paragraph>
                <content:text i18n-id="78aec617-7d69-48b4-bf83-bfa3d3ccb853">"All have sinned and fall short of the glory of God" (Romans 3:23).</content:text>
                <content:text i18n-id="e3986ec1-8a59-4a9a-bcb4-a6d666bb13e4">Man was created to have fellowship with God; but, because of his own stubborn self-will, he chose to go his own independent way and fellowship with God was broken.  This self-will, characterized by an attitude of active rebellion or passive indifference, is an evidence of what the Bible calls sin.</content:text>
            </content:paragraph>
        </card>
        <card>
            <label>
                <content:text i18n-id="f3a999ea-e95d-4653-99fb-f8094b720c6b" text-color="rgba(59,164,219,1)">Man Is Separated</content:text>
            </label>
            <content:paragraph>
                <content:text i18n-id="adffc84d-d051-405f-b453-60c064e9448f">"The wages of sin is death" [spiritual separation from God] (Romans 6:23).</content:text>
                <content:image resource="laws-man-is-separated-person.png"/>
                <content:text i18n-id="45d18f06-a17d-4ed2-8803-94dca1c4b080">▲ - Holy God  |   Sinful Man</content:text>
                <content:text i18n-id="dcac979a-271a-4f7c-971a-659d7c9792e0">This diagram illustrates that God is holy and man is sinful.  A great gulf separates the two.  The arrows illustrate that man is continually trying to reach God and the abundant life through his own efforts, such as a good life, philosophy, or religion, but he inevitably fails.</content:text>
            </content:paragraph>
        </card>
    </cards>
    <call-to-action>
        <content:text i18n-id="e59d5be7-5b2b-465f-87de-f8cca0e542d2">The third principle explains the only way to bridge this gulf...</content:text>
   </call-to-action>
</page>
