<?xml version="1.0" encoding="UTF-8"?>
<page xmlns="https://mobile-content-api.cru.org/xmlns/tract" xmlns:content="https://mobile-content-api.cru.org/xmlns/content" background-image="laws-tract-bkg-image-8.jpg">
    <hero>
        <heading>
            <content:text i18n-id="127aeaa8-e701-4e2a-be10-1ddec03ca117" text-scale="1.4" text-color="rgba(90,90,90,1)">Have you heard of the four spiritual laws?</content:text>
        </heading>

        <content:paragraph>
            <content:text i18n-id="d4b40701-5929-498b-b96e-cc6796d76771">Just as there are physical laws that govern the physical universe, so are there spiritual laws that govern your relationship with God.</content:text>
        </content:paragraph>
    </hero>
</page>
