<?xml version="1.0" encoding="UTF-8"?>
<page xmlns="https://mobile-content-api.cru.org/xmlns/tract" xmlns:content="https://mobile-content-api.cru.org/xmlns/content" background-image="laws-tract-bkg-image-5.jpg">
    <hero>
        <heading>
            <content:text i18n-id="e8a4256e-ce69-42d2-b9f9-9d54c90e762a" text-color="rgba(90,90,90,1)">You can receive Christ right now by faith through prayer</content:text>
        </heading>
        <content:paragraph>
            <content:text i18n-id="62b35212-dc4e-4e2e-a7ac-09a68537c6f5">Prayer is talking with God</content:text>
            <content:text i18n-id="d7df22f4-9678-4ee7-9c67-e7e5fc306112">God knows your heart and is not so concerned with your words as He is with the attitude of your heart.</content:text>
        </content:paragraph>
    </hero>
    <cards>
        <card>
            <label>
                <content:text i18n-id="9087f3c4-35c7-47d0-b621-cbc835b014be" text-color="rgba(59,164,219,1)">The following is a suggested prayer:</content:text>
            </label>
            <content:paragraph>
                <content:text i18n-id="5ec11b23-302b-4c55-90d5-ed810f297757">Lord Jesus,

I need You.  Thank you for dying on the cross for my sins.  I open the door of my life and receive You as my Savior and Lord.
                
Thank You for forgiving my sins and giving me eternal life.  Take control of the throne of my life.  Make me the kind of person You want me to be.</content:text>
            </content:paragraph>
            <content:paragraph>
                <content:image resource="generic-divider-grey.png"/>
            </content:paragraph>
            <content:paragraph>
                <content:text i18n-id="ba926c37-e783-42bd-868a-7894c6c54088">Does this prayer express the desire of your heart?  If it does, I invite you to pray this prayer right now.</content:text>
            </content:paragraph>
        </card>
        <card dismiss-listeners="followup-form-no">
            <label>
                <content:text i18n-id="cd520fe5-7e74-4d2e-b7b6-4f49390bb01d" text-color="rgba(59,164,219,1)">Did you pray this prayer?</content:text>
            </label>
            <content:paragraph>
                <content:button type="event" events="followup-form-no">
                    <content:text i18n-id="ff5c12a1-496e-4a2e-bf98-d963a9127bb5">Not Ready</content:text>
                </content:button>
            </content:paragraph>
            <content:paragraph>
                <content:button type="event" events="followup-form">
                    <content:text i18n-id="0f699462-1ed7-4732-954f-1df3687da081">Yes</content:text>
                </content:button>
            </content:paragraph>
            <content:paragraph>
                <content:link events="followup-form">
                    <content:text i18n-id="ee90f703-78e1-409a-bd3a-d8b8d5728081" text-align="center">I already made this decision</content:text>
                </content:link>
            </content:paragraph>
        </card>
        <card hidden="true" listeners="followup-form">
            <label>
                <content:text i18n-id="a74d35ba-87b8-42ee-b853-806ca0b2e880">Jesus has come into your life as he promised.</content:text>
            </label>
            <content:paragraph>
                <content:text i18n-id="8a4d0fb9-c8ec-428e-a673-e2d93bece89f">Knowing someone better helps a relationship grow. Would you like to sign up for an email series that can hep guide you in your new relationship with Jesus Christ?</content:text>
            </content:paragraph>
            <content:form>
                <content:input name="destination_id" type="hidden" value="1"/>
                <content:input type="text" name="name" required="true">
                    <content:label>
                        <content:text i18n-id="455d2deb-0bd1-418c-9c74-2303cc58350d">Name</content:text>
                    </content:label>
                    <content:placeholder>
                        <content:text>First Name and Last Name</content:text>
                    </content:placeholder>
                </content:input>
                <content:input type="email" name="email" required="true">
                    <content:label>
                        <content:text i18n-id="7163ec1b-18bf-4120-92ae-4c812a854ed9">Email</content:text>
                    </content:label>
                    <content:placeholder>
                        <content:text>Email</content:text>
                    </content:placeholder>
                </content:input>
                <content:paragraph>
                    <content:button type="event" events="followup:send send-information-modal">
                        <content:text i18n-id="d6b03134-2f6a-4afb-b36b-e8e89d9d7e11">Send</content:text>
                    </content:button>
                </content:paragraph>
            </content:form>
        </card>
    </cards>
    <modals>
        <modal listeners="send-information-modal" dismiss-listeners="send-information-modal-close">
            <title>
                <content:text i18n-id="6dff341b-216b-4e15-a426-117dbc1dbe8b">Thank you</content:text>
            </title>
            <content:paragraph>
                <content:text i18n-id="d0869ef8-06e1-4bec-b07f-f75285e0b0c6">Check your email soon for your first study in following Jesus Christ.</content:text>
            </content:paragraph>
            <content:paragraph>
                <content:text i18n-id="6128692d-d332-4b10-815a-9fa34bb0d7ca">If you don't receive it, please check your spam folder.</content:text>
            </content:paragraph>
            <content:paragraph>
                <content:button type="event" events="send-information-modal-close information-form-card-close">
                    <content:text i18n-id="55048828-f4e1-4740-82f0-a9147a6b1489">Done</content:text>
                </content:button>
            </content:paragraph>
            <content:paragraph>
                <content:text i18n-id="a3095edd-d936-45d4-9256-f1d6dc8deec2" text-scale="0.75">If this sign up occurs offline, you will need to reopen the app while on Wifi to have the signup automatically submit.</content:text>
            </content:paragraph>
        </modal>
    </modals>
    <call-to-action>
        <content:text/>
    </call-to-action>
</page>
