<?xml version="1.0"?>
<manifest xmlns="https://mobile-content-api.cru.org/xmlns/manifest" xmlns:content="https://mobile-content-api.cru.org/xmlns/content" primary-color="rgba(0,0,0,0.7)" primary-text-color="rgba(255,255,255,1)" text-color="rgba(90,90,90,1)" navbar-color="rgba(0,0,0,0.3)" navbar-control-color="rgba(255,255,255,1)">
    <title>
        <content:text i18n-id="9b0a0889-898e-4e90-a32c-0e20cde215dd">Four Spiritual Laws</content:text>
    </title>
<pages><page filename="01_Home.xml" src="9710e76a77b35dd0375de6f9f42cd3b657d9f4f37e9934cd4688e613656fffee.xml"/><page filename="02_FirstPoint.xml" src="f09c133832ad9e4f09989b90e5a30f3793e06603d034fbe8028c6340fffdc5c0.xml"/><page filename="03_SecondPoint.xml" src="272bdfb3d70cbf7e80c0fa6c59ee8cc03f39ff880aaf23b066c76f6e2c7222c4.xml"/><page filename="04_ThirdPoint.xml" src="b63168bb189e4ba8553a10faa0a6538bd35f59e4bd40d32f582d563a766722f0.xml"/><page filename="05_FourthPoint.xml" src="e7f8d283f5890ff04f854affd24248996c22630f9129a0515b38a3e51c1b9ee9.xml"/><page filename="06_TwoCircles.xml" src="a6258b523608d674da5a33f4e5015d78c093757d07c13b1a3e0fd711727ddd75.xml"/><page filename="07_SuggestedPrayer.xml" src="bdf232b08d9407a3480c04e5c7e3f470b26175014b8b4f94912d984291578acb.xml"/><page filename="08_HowCanYouBeSure.xml" src="a988a8a0e757eeee546fd0f305f66ede6a1148cc6cbc165c22b133c252939daa.xml"/><page filename="09_WhatHappens.xml" src="12c9dbf02f4dfbab078d3655c64c372f624b4d892b22bebd83a0cf0bb32b992e.xml"/><page filename="10_HowToGrow.xml" src="4dbb8ab6c64d6b34bcd1148067ca5e9c8caa1458344ff56d24edf8f2f377b8db.xml"/><page filename="10b_ChurchFellowship.xml" src="eca95739d2bcae7e84ceec9c536f1968b46c88260e9a5bd3e7fdab9345bf5dd9.xml"/><page filename="11_FinalPage.xml" src="44276c65f133a509da8e9e4b490f2e605c008a3ee3d2dd108c0f2489bb2de3b8.xml"/></pages><resources><resource filename="laws-tract-bkg-image-8.jpg" src="fedd51055ce5ca6351d19f781601eb94192915597b4b023172acaab4fac04794"/><resource filename="laws-tract-bkg-image-1.jpg" src="1141677806e0a16b5ba6c1ad1d2fe9b6d55f8b04026b5e143c86391db67bf1ea"/><resource filename="laws-tract-bkg-image-2.jpg" src="3c93d006591cf6bd7ae6a271e793e7e4bb6ae05bba7a542b890da9aa843779f3"/><resource filename="laws-tract-bkg-image-3.jpg" src="b345284ce389a5d80c53b91afcc6d16d66f742e7128ee4a99065c48e98df4f0e"/><resource filename="laws-tract-bkg-image-4.jpg" src="a04c3da9760149fedd96f1a82b5b3113159a110f0750687de11956d773a7bb27"/><resource filename="laws-tract-bkg-image-4b.jpg" src="25f96c770f21afe142a9a8317c5a2c08629acc7ff373090616a6fd2c21e12f6e"/><resource filename="laws-tract-bkg-image-5.jpg" src="157e1820bb23d20cbb169902b41ae556c0684e7d7f7769373dc398ebe868d7ee"/><resource filename="laws-tract-bkg-image-5b.jpg" src="343495cd09ef4c161d0a6555a41f2b120269f63e6843de834da063dcdefb2480"/><resource filename="laws-tract-bkg-image-6.jpg" src="99ddb3b2b32446a8fe86476fdc8f4aad5a3491e864374ae66b1f8597129c5fd8"/><resource filename="laws-tract-bkg-image-7.jpg" src="8f0a5d2a8499ebac05eb7cdc96f2e666736d6e0ec50318f8f28e540e4a7bcedf"/><resource filename="laws-christ-directed-life.png" src="a9bcd4bafa3c3b370c65aca5a0e108dd1b69b5783a21c4271bd124aeb733fcbc"/><resource filename="laws-do-not-depend-on-feelings.png" src="1312e2c6565051b4218b58a54bf184d010e92a5c2bbe4a717d4403346fd39225"/><resource filename="laws-he-is-the-only-way-to-god-person.png" src="4b34d6c823a65b1e3816b5de457bfc97e43ac37a496a8ad965a803af75de0665"/><resource filename="laws-man-is-separated-person.png" src="d9d738d45c9d76c70f5fd57dca60db25ba86abe0330e003ab46af41a022d0ba8"/><resource filename="laws-man-is-separated-star.png" src="c01808964e666316d3b1b8b4290880d83f0f485278d677c3c97cbdd835ccf5e0"/><resource filename="laws-self-directed-life.png" src="475689a7ca5a21f44a61e130cf6bc78d302d563cc9fb6fb285ce839073331203"/><resource filename="generic-divider-grey.png" src="035136f7e8579926e5e2acca5fc93843abe3600a1423bb1ce9639099e4f08aa2"/></resources></manifest>
