<?xml version="1.0" encoding="UTF-8"?>
<page xmlns="https://mobile-content-api.cru.org/xmlns/tract" xmlns:content="https://mobile-content-api.cru.org/xmlns/content" background-image="laws-tract-bkg-image-4.jpg">
    <header>
        <number>
            <content:text>4</content:text>
        </number>
        <title>
            <content:text i18n-id="a00c7635-f82a-4dce-bd48-059a50ec1492">WE MUST INDIVIDUALLY RECEIVE JESUS CHRIST AS SAVIOR AND LORD; THEN WE CAN KNOW AND EXPERIENCE GOD'S LOVE AND PLAN FOR OUR LIVES.</content:text>
        </title>
    </header>
    <cards>
        <card>
            <label>
                <content:text i18n-id="98f37160-ecd4-4fdd-8d87-aad66cef826d" text-color="rgba(59,164,219,1)">We Must Receive Christ</content:text>
            </label>
            <content:paragraph>
                <content:text i18n-id="cab22c4e-4ccc-4d7d-8100-64a438306d3c">"As many as received Him, to them He gave the right to become children of God, even to those who believe in His name."</content:text>
                <content:text i18n-id="e6f40dd1-5cc3-40d4-b749-351e01974b8c">John 1:12</content:text>
            </content:paragraph>
        </card>
        <card>
            <label>
                <content:text i18n-id="080fc752-9ca8-4b90-af6a-9a5e1591ffa4" text-color="rgba(59,164,219,1)">We Receive Christ Through Faith</content:text>
            </label>
            <content:paragraph>
                <content:text i18n-id="d1ccf916-a3fb-4abc-9dce-6ffa8e7a2e1d">"By grace you have been saved through faith; and that not of yourselves, it is the gift of God; not as a result of works so that no one may boast."</content:text>
                <content:text i18n-id="25a0cf14-9e81-43cf-97f2-e99f3d88d2c2">Ephesians 2:8-9</content:text>
            </content:paragraph>
        </card>
<card>
            <label>
                <content:text i18n-id="2b0efb4f-25d9-4fb8-85c4-66002459db8a" text-color="rgba(59,164,219,1)">When We Receive Christ ...</content:text>
            </label>
            <content:paragraph>
                <content:text i18n-id="b6ad5fd1-162a-45c6-8200-8ef227d83a08">We experience a new birth.</content:text>
                <content:text i18n-id="c499a322-ef95-4627-8513-f07a16770087">Read John 3:1-8</content:text>
            </content:paragraph>
        </card>
<card>
            <label>
                <content:text i18n-id="bd2663ba-ccd1-4400-a89c-5ff0582e4f8d" text-color="rgba(59,164,219,1)">We Receive Christ Through Personal Invitation</content:text>
            </label>
            <content:paragraph>
                <content:text i18n-id="d73f49ed-3185-4385-84c0-456a65514a52">[Christ speaking] "Behold, I stand at the door and knock; if anyone hears My voice and opens the door, I will come in to him."</content:text>
                <content:text i18n-id="b80fa33f-a46d-4723-ad8f-b8c23142cd1d">Revelation 3:20</content:text>
            </content:paragraph>
        </card>
<card>
            <label>
                <content:text i18n-id="e5fc852d-7718-4206-b328-785def7ae592" text-color="rgba(59,164,219,1)">Receiving Christ Involves ...</content:text>
            </label>
            <content:paragraph>
                <content:text i18n-id="be59c51a-cb27-485f-b89a-7c5a427729fd">... turning to God from self (repentance) and trusting Christ to come into our lives to forgive our sins and to make us what He wants us to be.</content:text>
                <content:text i18n-id="b1a2624c-3f58-4648-9843-59a841890f3b">Just to agree intellectually that Jesus Christ is the Son of God and that He died on the cross for our sins is not enough.  Nor is it enough to have an emotional experience.  We receive Jesus Christ by faith, as an act of the will.</content:text>
            </content:paragraph>
        </card>

    </cards>
   
</page>
