<?xml version="1.0" encoding="UTF-8"?>
<page xmlns="https://mobile-content-api.cru.org/xmlns/tract" xmlns:content="https://mobile-content-api.cru.org/xmlns/content" background-image="kgp-tract-bkg-image-3_1x.jpg">
    <header>
        <number>
            <content:text>3</content:text>
        </number>
        <title>
            <content:text i18n-id="5a5ae378-915a-4fff-99af-9f0e6a91a86d">Jesus is God's only solution for our sin. Only through Him can we know God and receive His love and forgiveness.</content:text>
        </title>
    </header>
    <cards>
        <card>
            <label>
                <content:text i18n-id="cdfb46b6-6827-406d-b908-7b12566d4475">Jesus is God</content:text>
            </label>
            <content:paragraph>
                <content:text i18n-id="f70b16f3-6f64-41eb-855c-3144817079ef">"Christ is the visible image of the invisible God. He existed before anything was created and is supreme over all creation."</content:text>
                <content:text i18n-id="e14d6b3b-f1b0-4487-8dd8-ec26eb6c32c3">Colossians 1:15</content:text>
            </content:paragraph>
        </card>
        <card background-image="kgp-page-bkg-image-people_1x.jpg" background-image-align="bottom">
            <label>
                <content:text i18n-id="709eefb9-dfaf-48d8-8265-beaf10a7677a">Jesus died in our place</content:text>
            </label>
            <content:paragraph>
                <content:text i18n-id="e9cacbb8-f5ed-41b7-a088-352484fb3a6a">"Christ suffered for our sins once for all time. He never sinned, but he died for sinners to bring you safely home to God."</content:text>
                <content:text i18n-id="0f0d51c7-d642-4b1d-98c0-1e6ce643180b">1 Peter 3:18a</content:text>
            </content:paragraph>
        </card>
        <card>
            <label>
                <content:text i18n-id="fc311c3c-cccd-4376-ba75-a5829a9b339f">Jesus came back to life</content:text>
            </label>
            <content:paragraph>
                <content:text i18n-id="8accddf2-2b51-4e70-9442-d8370a95914f">"During the forty days after he suffered and died, he appeared to the apostles ... and he proved to them in many ways that he was actually alive"  Acts 1:3a.</content:text>
            </content:paragraph>
            <content:paragraph>
                <content:text i18n-id="d94a834a-bb44-4eaf-a32f-6825d403937f">His resurrection proved that he was God and that he had suffered the punishment we deserved in our place.</content:text>
            </content:paragraph>
        </card>
        <card background-image="kgp-page-bkg-image-hands_1x.jpg" background-image-align="bottom">
            <label>
                <content:text i18n-id="5db3b981-35ba-4a56-902a-a366d4ce1930">Jesus is the only way</content:text>
            </label>
            <content:paragraph>
                <content:text i18n-id="bd8f809c-9bff-4a44-8935-d511ce68cbfc">"Jesus told him, 'I am the way, the truth and the life. No one can come to the Father except through me.'"</content:text>
                <content:text i18n-id="6716296c-4d2d-47e1-b6b4-3670f06e47ff">John 14:6</content:text>
            </content:paragraph>
        </card>
        <card>
            <label>
                <content:text i18n-id="6751fa1d-efb6-431a-9907-1ce355ae50e4">God proves His love...</content:text>
            </label>
            <content:paragraph>
                <content:text i18n-id="ae5d8b0a-4cbe-4749-982c-e014ad4f652b">"For this is how God loved the world: He gave his one and only Son, so that everyone who believes in him will not perish but have eternal life"  John 3:16.</content:text>
				<content:image resource="kpg-god-proves-his-love-person.png"/>
  <content:text i18n-id="a8df4e44-e7a9-4f3a-adef-117a48676b09">▲ - God  |  † - Jesus  |   Man</content:text>
            </content:paragraph>
            <content:paragraph>
                <content:text i18n-id="c5e6b703-6978-4111-af16-3517e874da81">Although we deserve to be cut off from God forever, in his love God sent Jesus to pay the penalty for our sins by dying on the cross.</content:text>
            </content:paragraph>
            <content:paragraph>
                <content:text i18n-id="0c2d3c8d-351d-4167-ada4-3feb9ce0425c">Through Jesus, God has bridged the gap that separates us from him, and provided a way for us to be forgiven and restored to relationship with him.</content:text>
            </content:paragraph>
        </card>
    </cards>
    <call-to-action>
        <content:text i18n-id="3adb3d8b-dd79-4448-a0b4-9816972866dd">It's not enough just to know 
these points...</content:text>
    </call-to-action>
</page>
