<?xml version="1.0" encoding="UTF-8"?><page backgroundimage="2668c079cd36dc73e4a64ccb630b86935927b37a.png" color="#000000" tnt-trx-ref-value="" tnt-trx-translated="" translate="" watermark="">
  <title mode="clear">
    <heading color="#000000" gtapi-trx-id="02cf6004-a0f9-4828-be26-09253d4490b6" size="200" textalign="left" translate="true" x="19" y="25">KNOWING GOD</heading>
    <subheading color="#000000" gtapi-trx-id="f1c599f5-dccc-4a9d-b81d-030e4cbce6cd" size="211" textalign="right" translate="true" x="0" y="60">personally</subheading>
  </title>
  <text color="#000000" gtapi-trx-id="778006c5-22a7-4abb-b81e-f04499f942e6" modifier="italics" size="112" translate="true" x-trailing-offset="10" xoffset="10" yoffset="40">These four points explain how to enter into a personal relationship with God and experience the life for which you were created.</text>
</page>