<?xml version="1.0" encoding="UTF-8"?><document lang="en">
  <packagename gtapi-trx-id="9b0a0889-898e-4e90-a32c-0e20cde215dd" translate="true">The Four Spiritual Laws</packagename>
  <page filename="53d85b76-e98e-4e2b-a522-92fef8915fb0.xml" gtapi-trx-id="6dbd0b2e-50c6-4a38-998a-1265bd5fa6d4" thumb="ef4a564c7f49b0aec7692e28e117121f9d5e0af8.png" translate="true">Home</page>
  <page filename="fbdcf64a-4877-4f7b-aa29-fa01d7b7967b.xml" gtapi-trx-id="5c90a4e3-d317-475a-b365-5ba09e04547b" thumb="cad3037541c4f2deae7e8a90d2264139470a2fd9.png" translate="true">1 God Loves You And Created You To Know Him Personally.</page>
  <page filename="9a574fe3-d670-4291-aef3-de5db04be9b0.xml" gtapi-trx-id="e8b707be-9093-4657-ace0-29dcbaaba443" thumb="a397e6de389233649880b9ceea3eb1f9afcb667f.png" translate="true">2 We Are Separated From God By Our Sin, So We Cannot Know Him Or Experience His Love.</page>
  <page filename="e2f75a69-bb43-4e9d-9ed4-878e4d0886c0.xml" gtapi-trx-id="08b4e112-68fd-484d-aa80-8de606bcdb59" thumb="96e086d3d7d9a4cc170ad3dfbafc5eda93cbf15b.png" translate="true">3 Jesus Is God's Only Solution For Our Sin. Only Through Him Can We Know God And Receive His Love And Forgiveness.</page>
  <page filename="724bbd7e-e87e-4345-8935-b8532e0c916a.xml" gtapi-trx-id="e33e8e40-6155-42e6-a4b5-ae7764584bf0" thumb="b2c14cce4518a251c072283a1226d7d176d575e4.png" translate="true">4 We Must Each Respond To Jesus By Placing Our Trust In Him As Our Saviour And Lord. Only Then Can We Know God Personally.</page>
  <page filename="79c52ea0-a0ed-4631-946c-68ca7403d9c6.xml" gtapi-trx-id="6c8588e2-9bed-4ac7-8d42-302de786321f" thumb="65f1140cd59a6195d9954711565db4094f1b33ab.png" translate="true">These Circles Describe Two Types Of People</page>
  <page filename="02caa24e-464f-4277-84d7-9eebad41bc38.xml" gtapi-trx-id="3fa3553e-d848-4507-a938-566967a4e35a" thumb="9c7f716a36e1fc750c803ec14fdfd14713b2ad58.png" translate="true">You Can Express Your Attitude Toward God Through Prayer.</page>
  <page filename="07330d35-af2f-47db-8051-98e3a6ce4ecf.xml" gtapi-trx-id="8776af21-3965-4375-a945-7ae7fbda2495" listeners="follow-up-no-thanks,follow-up-thank-you-done" thumb="e5c0e26f312fdad92d03f5838d429eaecbc09fb4.png" translate="true">How Can You Be Sure That All This Has Really Happened?</page>
  <page filename="b6b4fc29-fac4-4779-b998-e01efbfff774.xml" gtapi-trx-id="708706b4-b8f5-4bcd-b59c-a2f4d9482be8" thumb="5d30e1a50c09f61b53435d6480678acc9256da17.png" translate="true">If You Asked Jesus Into Your Life As Saviour And Lord, Many Things Have Happened, Including:</page>
  <page filename="d03b5529-e1c7-4e78-94d0-b9f4ba860e05.xml" gtapi-trx-id="2a2eeebe-b4da-4513-9c04-dacc05bea407" thumb="173a10991cb2471ad5a4612fb9cc8f9d36738266.png" translate="true">How To Grow As A Follower Of Jesus</page>
  <page filename="cf711709-20c2-452c-ba8f-f5fff57114f4.xml" gtapi-trx-id="6b6fac79-94fe-4f74-9ba3-3802cd71e346" listeners="prayer-page-not-today" thumb="835538fdac6aae0c7c199f577d12d433a8926b95.png" translate="true">Special Materials</page>
  <about filename="3bd6b8ea-a9d9-468a-8c89-fe466c83e49d.xml" gtapi-trx-id="1f3fdcb9-d0e5-4d32-a5bb-2f1475cd6b2a" translate="true">About</about>
  <instructions gtapi-trx-id="d5c1d136-cb3b-40bc-8d32-c5bdf3d26c9f" translate="true"/>
</document>