<?xml version="1.0" encoding="UTF-8"?><document lang="en">
  <packagename gtapi-trx-id="45e65db9-957f-4ca5-b4ca-b60c4ce424c1" translate="true">Knowing God Personally</packagename>
  <page filename="3a0fe8aa-86bf-4ab5-82b3-4861ae71794b.xml" gtapi-trx-id="33a0a915-a7ab-449f-aef4-f865e1298acb" thumb="PageThumb_01.png" translate="true">Home</page>
  <page filename="398845c7-fc8d-4ca7-a6af-af00209e5f23.xml" gtapi-trx-id="74b6fb6f-58ec-493e-84f3-4c9278245591" thumb="PageThumb_02.png" translate="true">1 God Loves You And Created You To Know Him Personally.</page>
  <page filename="e09c6ab5-91de-4a0c-9346-6399b4020da3.xml" gtapi-trx-id="c4378371-9a50-41ee-b4a5-c25bf2320674" thumb="PageThumb_03.png" translate="true">2 We Are Separated From God By Our Sin, So We Cannot Know Him Or Experience His Love.</page>
  <page filename="f1e5b0c7-07ed-44aa-9e5d-bef3dcbbdb28.xml" gtapi-trx-id="73748239-12da-428c-bee1-fc043913f0c5" thumb="PageThumb_04.png" translate="true">3 Jesus Is God's Only Solution For Our Sin. Only Through Him Can We Know God And Receive His Love And Forgiveness.</page>
  <page filename="bd996d55-c590-41c7-9748-6a82c1acdeab.xml" gtapi-trx-id="5edf976c-d224-458c-be94-96d215164eef" thumb="PageThumb_05.png" translate="true">4 We Must Each Respond To Jesus By Placing Our Trust In Him As Our Saviour And Lord. Only Then Can We Know God Personally.</page>
  <page filename="e1883f20-246a-4274-9d63-490ba3e1aba3.xml" gtapi-trx-id="3b9de2bb-9d9b-4bae-8ce2-973a98d33f22" thumb="PageThumb_06.png" translate="true">These Circles Describe Two Types Of People</page>
  <page filename="ed10e5be-ef64-41d6-ab6b-a04ea9b0b780.xml" gtapi-trx-id="affc37a2-c698-48dd-bde2-54dc35f04ece" thumb="PageThumb_07.png" translate="true">To Begin A Relationship With God, You Must Give Jesus Everything.</page>
  <page filename="c7b98fdf-ff4f-41b6-bd37-fead336b0a23.xml" gtapi-trx-id="b2247102-96fa-43ca-a66b-a6c3ffb04ac0" thumb="PageThumb_08.png" translate="true">You Can Express Your Attitude Toward God Through Prayer.</page>
  <page filename="43e4192c-b03d-43c8-a1e0-4cc16dd7987f.xml" gtapi-trx-id="2fdca489-1406-419c-b35b-5ade1afa9f7b" listeners="follow-up-no-thanks,follow-up-thank-you-done" thumb="PageThumb_09.png" translate="true">What Happens When You Put Your Trust In Jesus?</page>
  <page filename="a45088ba-d968-49d0-a23a-1c46772d8632.xml" gtapi-trx-id="a7e85fc6-b886-40f0-9665-033305f98bfc" thumb="PageThumb_10.png" translate="true">If You Asked Jesus Into Your Life As Saviour And Lord, Many Things Have Happened, Including:</page>
  <page filename="08e7b2e0-97cd-4ced-9945-becf9a4b894a.xml" gtapi-trx-id="eae2cfdc-02c2-4333-9af4-413cf2c48e60" thumb="PageThumb_11.png" translate="true">How Can You Be Sure That All This Has Really Happened?</page>
  <page filename="43102d2b-6b8b-4b19-87cc-c4702b0fbe86.xml" gtapi-trx-id="89b68a73-1195-4205-b682-62942b3dc2c6" thumb="PageThumb_12.png" translate="true">How To Grow As A Follower Of Jesus</page>
  <page filename="a0832bf5-04a1-4c4a-a1cd-dcfbe5adea62.xml" gtapi-trx-id="6b7dc303-66a7-4abb-987b-636020e31b77" listeners="prayer-page-not-today" thumb="PageThumb_13.png" translate="true">Websites To Assist You</page>
  <about filename="6c31dc4c-1cc8-47e1-aa34-1c86049af426.xml" gtapi-trx-id="0c41ea49-9905-46f0-bfa9-400d3807545c" translate="true">About</about>
  <instructions gtapi-trx-id="cc494223-8e9e-445e-aaa9-0982be68b65e" translate="true"/>
</document>