<?xml version="1.0" encoding="UTF-8"?><page color="#BC1111" watermark="7332eeca6be3275ed2ef9340c3dab5816f8b88e7.png">
  <title>
    <number>4</number>
    <heading gtapi-trx-id="a00c7635-f82a-4dce-bd48-059a50ec1492" size="90" translate="true">WE MUST INDIVIDUALLY RECEIVE JESUS CHRIST AS SAVIOR AND LORD; THEN WE CAN KNOW AND EXPERIENCE GOD'S LOVE AND PLAN FOR OUR LIVES.</heading>
  </title>
  <button>
    <buttontext gtapi-trx-id="98f37160-ecd4-4fdd-8d87-aad66cef826d" size="80" translate="true">We Must Receive Christ</buttontext>
    <panel>
      <text gtapi-trx-id="cab22c4e-4ccc-4d7d-8100-64a438306d3c" size="90" translate="true">""As many as received Him, to them He gave the right to become children of God, even to those who believe in His name"."</text>
      <text gtapi-trx-id="e6f40dd1-5cc3-40d4-b749-351e01974b8c" size="80" textalign="right" translate="true">(John 1:12)</text>
    </panel>
  </button>
  <button>
    <buttontext gtapi-trx-id="080fc752-9ca8-4b90-af6a-9a5e1591ffa4" size="80" translate="true">We Receive Christ Through Faith</buttontext>
    <panel>
      <text gtapi-trx-id="d1ccf916-a3fb-4abc-9dce-6ffa8e7a2e1d" size="90" translate="true">"By grace you have been saved through faith; and that not of yourselves, it is the gift of God; not as a result of works that no one should boast."</text>
      <text gtapi-trx-id="25a0cf14-9e81-43cf-97f2-e99f3d88d2c2" size="80" textalign="right" translate="true">(Ephesians 2:8,9)</text>
    </panel>
  </button>
  <button>
    <buttontext gtapi-trx-id="2b0efb4f-25d9-4fb8-85c4-66002459db8a" size="80" translate="true">When we receive Christ ...</buttontext>
    <panel>
      <text gtapi-trx-id="b6ad5fd1-162a-45c6-8200-8ef227d83a08" size="90" translate="true">We experience a new birth.</text>
      <text gtapi-trx-id="c499a322-ef95-4627-8513-f07a16770087" size="80" textalign="right" translate="true">(Read John 3:1-8)</text>
    </panel>
  </button>
  <button>
    <buttontext gtapi-trx-id="bd2663ba-ccd1-4400-a89c-5ff0582e4f8d" size="65" translate="true">We Receive Christ Through Personal Invitation</buttontext>
    <panel>
      <text gtapi-trx-id="d73f49ed-3185-4385-84c0-456a65514a52" size="90" translate="true">[Christ speaking] "Behold, I stand at the door and knock; if anyone hears My voice and opens the door, I will come in to him."</text>
      <text gtapi-trx-id="b80fa33f-a46d-4723-ad8f-b8c23142cd1d" size="80" textalign="right" translate="true">(Revelation 3:20)</text>
    </panel>
  </button>
  <button>
    <buttontext gtapi-trx-id="e5fc852d-7718-4206-b328-785def7ae592" size="80" translate="true">Receiving Christ involves ...</buttontext>
    <panel>
      <text gtapi-trx-id="be59c51a-cb27-485f-b89a-7c5a427729fd" size="90" translate="true">... turning to God from self (repentance) and trusting Christ to come into our lives to forgive our sins and to make us what He wants us to be.</text>
      <text gtapi-trx-id="b1a2624c-3f58-4648-9843-59a841890f3b" size="90" translate="true">Just to agree intellectually that Jesus Christ is the Son of God and that He died on the cross for our sins is not enough.  Nor is it enough to have an emotional experience.  We receive Jesus Christ by faith, as an act of the will.</text>
    </panel>
  </button>
</page>