<?xml version="1.0" encoding="UTF-8"?><page buttons="3" color="#DC5C31" watermark="90458873df4460124f51a61d5e22e2c3d021a739.png">
  <title>
    <number>2</number>
    <heading gtapi-trx-id="4b0da95a-13fa-44ce-8540-ed951dda6979" translate="true">WE ARE SEPARATED FROM GOD BY OUR SIN, SO WE CANNOT KNOW HIM OR EXPERIENCE HIS LOVE.</heading>
  </title>
  <button>
    <buttontext gtapi-trx-id="417a1866-7865-48b6-8144-9f5318e9d60d" translate="true">What is Sin?</buttontext>
    <panel>
      <text gtapi-trx-id="7743b4d5-3f48-4c69-8062-3e2216cc66a6" size="90" translate="true">We were created to have a relationship with God but we rejected him and the relationship was broken.</text>
      <text gtapi-trx-id="f3a5855f-56cc-4af4-8220-eef262aac39c" size="90" translate="true">This rejection of God and the building of our lives around anything else is what the Bible calls sin. We show this by having selfish actions and attitudes, by disobeying God or displaying indifference toward Him.</text>
    </panel>
  </button>
  <button>
    <buttontext gtapi-trx-id="81787028-e394-404e-a6ee-fd58caf571f6" translate="true">Everyone is Sinful</buttontext>
    <panel>
      <text gtapi-trx-id="03346729-5937-4bee-8f49-3511e473ffa0" size="90" translate="true">"For everyone has sinned; we all fall short of God's glorious standard."</text>
      <text gtapi-trx-id="b59b8b23-53cd-4097-86e4-819c619abde2" size="90" textalign="right" translate="true">- Romans 3:23</text>
    </panel>
  </button>
  <button>
    <buttontext gtapi-trx-id="19d02696-6124-4a1e-9183-15156f3c9bbb" translate="true">Sin Has Consequences</buttontext>
    <panel>
      <text gtapi-trx-id="7f82556a-3890-487c-8c37-e498cb254285" size="80" translate="true">For the wages of sin is death, but the free gift of God is eternal life through Christ Jesus our Lord. - Romans 6:23.</text>
      <text gtapi-trx-id="28acdb15-948c-4cc1-a619-4dfc088ace38" size="80" translate="true">God is perfect and just and will hold us accountable for our sin. There is a penalty for rejecting God.</text>
      <image align="center" h="120" w="120">d3cea3849a1b57f0621ad1c6293b7935e409f67b.png</image>
      <text gtapi-trx-id="5b2e6c17-6506-454e-8efa-aeeb2c49af70" size="72" textalign="center" translate="true">▲ - Holy God  |  ★ - Sinful Man</text>
      <text gtapi-trx-id="18b0b51d-37c6-498c-9dad-7556168b87f0" size="80" translate="true">God is perfect and we are sinful. There is a great gap between us because of our sin.</text>
      <text gtapi-trx-id="8101324b-ef7f-4f3e-a2d5-21c52efc48a5" size="80" translate="true">We may try to bridge this gap through good deeds or following a religion. However, all our efforts fail because they can't solve the problem of sin that keeps us from God.</text>
    </panel>
  </button>
  <question gtapi-trx-id="69451881-ebca-4317-8a53-38f40aa8197d" translate="true">The third point gives us the only solution to this problem...</question>
</page>