<?xml version="1.0" encoding="UTF-8"?><page color="#00759A" watermark="96b7b6a4b29e5ed40b69278bab92b169b7b08ed5.png">
  <text color="#FFFFFF" gtapi-trx-id="da76705f-187d-4083-8677-593a1b7c58fd" size="136" textalign="center" translate="true" w="300" xoffset="40" y="50">Have you heard of</text>
  <text color="#FFFFFF" gtapi-trx-id="be73de97-89fe-4490-a686-220546e2592c" modifier="bold" size="156" textalign="center" translate="true" w="300" yoffset="-50">THE FOUR SPIRITUAL</text>
  <text color="#FFFFFF" gtapi-trx-id="404edd90-1aff-4bb9-83a2-f0d15c46a6e8" modifier="bold" size="156" textalign="center" translate="true" w="300" xoffset="-34" yoffset="-50">LAWS?</text>
  <text alpha="0.8" color="#ffffff" gtapi-trx-id="d4b40701-5929-498b-b96e-cc6796d76771" modifier="italics" size="112" textalign="center" translate="true" w="300" yoffset="140">Just as there are physical laws that govern the physical universe, so are there spiritual laws that govern your relationship with God.</text>
</page>