<?xml version="1.0" encoding="UTF-8"?><document lang="en">
  <packagename gtapi-trx-id="9b0a0889-898e-4e90-a32c-0e20cde215dd" translate="true">The Four Spiritual Laws</packagename>
  <page filename="848f92a9-73f2-441a-b9f8-02293856947e.xml" gtapi-trx-id="6dbd0b2e-50c6-4a38-998a-1265bd5fa6d4" thumb="ef4a564c7f49b0aec7692e28e117121f9d5e0af8.png" translate="true">Home</page>
  <page filename="1b5decba-1d70-428b-9405-a2ac674fba96.xml" gtapi-trx-id="5c90a4e3-d317-475a-b365-5ba09e04547b" thumb="cad3037541c4f2deae7e8a90d2264139470a2fd9.png" translate="true">1 God Loves You And Created You To Know Him Personally.</page>
  <page filename="6adcf238-8403-4ea4-9598-2a779ad453d9.xml" gtapi-trx-id="e8b707be-9093-4657-ace0-29dcbaaba443" thumb="a397e6de389233649880b9ceea3eb1f9afcb667f.png" translate="true">2 We Are Separated From God By Our Sin, So We Cannot Know Him Or Experience His Love.</page>
  <page filename="b3637a3e-3ce7-4a41-a173-205c6c13f52a.xml" gtapi-trx-id="08b4e112-68fd-484d-aa80-8de606bcdb59" thumb="96e086d3d7d9a4cc170ad3dfbafc5eda93cbf15b.png" translate="true">3 Jesus Is God's Only Solution For Our Sin. Only Through Him Can We Know God And Receive His Love And Forgiveness.</page>
  <page filename="c26c82f8-341e-4ee0-b56f-8afcb1c666f9.xml" gtapi-trx-id="e33e8e40-6155-42e6-a4b5-ae7764584bf0" thumb="b2c14cce4518a251c072283a1226d7d176d575e4.png" translate="true">4 We Must Each Respond To Jesus By Placing Our Trust In Him As Our Saviour And Lord. Only Then Can We Know God Personally.</page>
  <page filename="7941e56d-2ae5-4bab-b028-9876679d4996.xml" gtapi-trx-id="6c8588e2-9bed-4ac7-8d42-302de786321f" thumb="65f1140cd59a6195d9954711565db4094f1b33ab.png" translate="true">These Circles Describe Two Types Of People</page>
  <page filename="f4e753d7-3a54-4a79-9734-ed2ddce171fb.xml" gtapi-trx-id="3fa3553e-d848-4507-a938-566967a4e35a" thumb="9c7f716a36e1fc750c803ec14fdfd14713b2ad58.png" translate="true">You Can Express Your Attitude Toward God Through Prayer.</page>
  <page filename="8606b3e8-ae09-4af2-831f-a6ae9c1d3b6f.xml" gtapi-trx-id="8776af21-3965-4375-a945-7ae7fbda2495" thumb="e5c0e26f312fdad92d03f5838d429eaecbc09fb4.png" translate="true">How Can You Be Sure That All This Has Really Happened?</page>
  <page filename="6b45dc40-e060-4a71-9117-0a0dd7d4d0bd.xml" gtapi-trx-id="708706b4-b8f5-4bcd-b59c-a2f4d9482be8" thumb="5d30e1a50c09f61b53435d6480678acc9256da17.png" translate="true">If You Asked Jesus Into Your Life As Saviour And Lord, Many Things Have Happened, Including:</page>
  <page filename="dedb6f15-6c24-4dec-8581-5bee2e4ede00.xml" gtapi-trx-id="2a2eeebe-b4da-4513-9c04-dacc05bea407" thumb="173a10991cb2471ad5a4612fb9cc8f9d36738266.png" translate="true">How To Grow As A Follower Of Jesus</page>
  <page filename="8d07bfb9-9667-4d58-ade3-48a7a76b0a53.xml" gtapi-trx-id="6b6fac79-94fe-4f74-9ba3-3802cd71e346" thumb="835538fdac6aae0c7c199f577d12d433a8926b95.png" translate="true">Special Materials</page>
  <about filename="f469b81f-aec0-4ece-9cb0-fde8807793d2.xml" gtapi-trx-id="1f3fdcb9-d0e5-4d32-a5bb-2f1475cd6b2a" translate="true">About</about>
  <instructions gtapi-trx-id="d5c1d136-cb3b-40bc-8d32-c5bdf3d26c9f" translate="true"/>
</document>