<?xml version="1.0" encoding="UTF-8"?><page color="#A2AD00" watermark="7332eeca6be3275ed2ef9340c3dab5816f8b88e7.png">
  <title>
    <number>3</number>
    <heading gtapi-trx-id="dcad7fa5-67ea-44b9-a814-1aa08d62604e" size="90" translate="true">JESUS CHRIST IS GOD'S ONLY PROVISION FOR OUR SIN. THROUGH HIM ALONE WE CAN KNOW GOD PERSONALLY AND EXPERIENCE GOD'S LOVE AND PLAN.</heading>
  </title>
  <button>
    <buttontext gtapi-trx-id="cb327c83-aaee-418c-8754-e977434d9737" translate="true">He Died in Our Place</buttontext>
    <panel>
      <text gtapi-trx-id="b1fdf550-98d6-4f05-acef-f0d9a8e64eaf" translate="true">"God demonstrates His own love for us, in that while we were yet sinners, Christ died for us."</text>
      <text gtapi-trx-id="9d5152c5-cf21-421f-85a8-c3101d949190" size="80" textalign="right" translate="true">(Romans 5:8)</text>
    </panel>
  </button>
  <button>
    <buttontext gtapi-trx-id="250ec919-c645-4cfc-9c55-c8189dee2a28" translate="true">He Rose From the Dead</buttontext>
    <panel>
      <text gtapi-trx-id="35da1297-b80c-4111-b55b-45c22c4d248c" translate="true">"Christ died for our sins…He was buried…He was raised on the third day, according to the Scriptures…He appeared to Peter, then to the Twelve.  After that He appeared to more than five hundred…"</text>
      <text gtapi-trx-id="dacb2032-d5ca-4117-9763-83f41db46186" size="80" textalign="right" translate="true">(1 Corinthians 15:3-6)</text>
    </panel>
  </button>
  <button>
    <buttontext gtapi-trx-id="3fcf1d5f-45e2-4eb8-861c-b7e64b98b073" translate="true">He is the Only Way to God</buttontext>
    <panel>
      <text gtapi-trx-id="22839228-d950-45b7-a873-ea05192a139c" size="90" translate="true" w="280">"Jesus said to him, 'I am the way, and the truth, and the life; no one comes to the Father but through Me.'"  (John 14:6)</text>
      <image align="center" h="176" w="176">f621f45b7ab7a8a7289ba1fe27976e24aa0f8888.png</image>
      <text gtapi-trx-id="c5657019-0dca-4748-90fe-399144e31db4" size="72" textalign="center" translate="true">▲ - God  |  † - Jesus  |  ★ - Man</text>
      <text gtapi-trx-id="34b4af0a-66f4-4666-8e7f-d99284127f40" size="90" translate="true">This diagram illustrates that God has bridged the gulf that separates us from Him by sending His Son, Jesus Christ, to die on the cross in our place to pay the penalty for our sins.</text>
    </panel>
  </button>
  <question gtapi-trx-id="9310dd00-7066-4304-8a5e-8ad520506982" size="96" translate="true">It is not enough just to 
know these three laws...</question>
</page>