<?xml version="1.0" encoding="UTF-8"?><page buttons="5" color="#007486" watermark="90458873df4460124f51a61d5e22e2c3d021a739.png">
  <title>
    <heading gtapi-trx-id="d9b98feb-50ca-4a60-ae9e-435c3849c276" translate="true" w="275" x="20">IF YOU ASKED JESUS INTO YOUR LIFE AS SAVIOUR AND LORD, MANY THINGS HAVE HAPPENED, INCLUDING:</heading>
  </title>
  <button>
    <buttontext gtapi-trx-id="a2e2e777-39f0-4e59-a427-bcae73a93ef5" size="90" translate="true">Jesus Has Come Into Your life</buttontext>
    <panel>
      <text gtapi-trx-id="5302c48f-e424-4a87-8f1b-5ce617a8aa8c" size="90" translate="true">Jesus has come into your life by the Holy Spirit and he will never leave you.</text>
      <text gtapi-trx-id="04fb1daf-6990-4153-9f60-7cf793a1e79b" size="90" textalign="right" translate="true">(Hebrews 13:5)</text>
    </panel>
  </button>
  <button>
    <buttontext gtapi-trx-id="d4a4a53d-d84e-4463-8394-1ed0c3b60095" size="90" translate="true">Your Sins Have Been Forgiven</buttontext>
    <panel>
      <text gtapi-trx-id="8ae60223-9586-4dca-96ee-1c3c01614eef" size="90" translate="true">All your sins have been forgiven.</text>
      <text gtapi-trx-id="f9e251ac-2de8-4e31-a7eb-e6e656b129e0" size="90" textalign="right" translate="true">(Colossians 1:13-14)</text>
    </panel>
  </button>
  <button>
    <buttontext gtapi-trx-id="d754b66e-f4e6-4bd4-9764-af8b50e0f531" size="90" translate="true">You Are Now a Child of God</buttontext>
    <panel>
      <text gtapi-trx-id="9cb35a1d-04fb-4172-9752-63a8f52012b0" size="90" translate="true">You have become a child of God. He is your heavenly father.</text>
      <text gtapi-trx-id="fae8031d-d8fe-498e-9d2f-c8c3147bc26a" size="90" textalign="right" translate="true">(Galatians 3:26)</text>
    </panel>
  </button>
  <button>
    <buttontext gtapi-trx-id="fa829ea2-0ce4-4a97-8b26-79bfbb93733e" size="90" translate="true">You Have Been Empowered</buttontext>
    <panel>
      <text gtapi-trx-id="b61c767f-ef3c-4a5a-bdfb-3d660dea67ff" size="90" translate="true">God has given you new power to live a transformed life.</text>
      <text gtapi-trx-id="890268cf-4d0f-4b0c-ae62-8efb54f724b2" size="90" textalign="right" translate="true">(2 Corinthians 5:17; Ephesians 3:14-21)</text>
    </panel>
  </button>
  <button>
    <buttontext gtapi-trx-id="02ae9b80-acdf-4f58-af8a-a33ad348bf4e" size="90" translate="true">You Are Now Friends with God</buttontext>
    <panel>
      <text gtapi-trx-id="7acd2e78-76ab-4b26-a286-51466da85107" size="90" translate="true">You have started a friendship with God that will last forever.</text>
      <text gtapi-trx-id="a63a4ef6-d990-4ca7-9f68-e22e168d1cf7" size="90" textalign="right" translate="true">(John 17:3)</text>
    </panel>
  </button>
  <question gtapi-trx-id="fcea282c-75f3-4fbc-b1cd-e7e229390ec3" translate="true">But how do we know this
actually happened?</question>
</page>