<?xml version="1.0" encoding="UTF-8"?><page buttons="1" color="#00759A" tnt-trx-ref-value="" tnt-trx-translated="" translate="" watermark="96b7b6a4b29e5ed40b69278bab92b169b7b08ed5.png">
  <title mode="straight">
    <heading gtapi-trx-id="e8a4256e-ce69-42d2-b9f9-9d54c90e762a" size="90" textalign="center" w="300">YOU CAN RECEIVE CHRIST RIGHT NOW BY FAITH THROUGH PRAYER</heading>
  </title>
  <text gtapi-trx-id="62b35212-dc4e-4e2e-a7ac-09a68537c6f5" size="80" textalign="center">(Prayer is talking with God)</text>
  
  <button>
    <buttontext gtapi-trx-id="9087f3c4-35c7-47d0-b621-cbc835b014be" size="82">The following is a suggested prayer:</buttontext>
    <panel>
      <image h="2" w="280">abee0a62e8f904a4ad019cbb0b93cfc0cca44c35.png</image>
      <text gtapi-trx-id="5ec11b23-302b-4c55-90d5-ed810f297757" modifier="italics" size="95">Lord Jesus,

I need You.  Thank you for dying on the cross for my sins.  I open the door of my life and receive You as my Savior and Lord.
                
Thank You for forgiving my sins and giving me eternal life.  Take control of the throne of my life.  Make me the kind of person You want me to be.</text>
      <image h="2" w="280">abee0a62e8f904a4ad019cbb0b93cfc0cca44c35.png</image>
      <text gtapi-trx-id="ba926c37-e783-42bd-868a-7894c6c54088" size="95" textalign="center">Does this prayer express the desire of your heart?  If it does, I invite you to pray this prayer right now.</text>
    </panel>
  </button>
  
<button>
    <buttontext modifier="bold" size="82">Did you pray this prayer?</buttontext>
    <panel>
      <button-pair>
        <positive-button h="40" tap-events="prayer-page-give-me-follow-up" w="120">YES</positive-button>
        <negative-button h="40" tap-events="prayer-page-not-today" w="120">Not Ready</negative-button>
      </button-pair>
      <link-button h="20" size="70" tap-events="prayer-page-already-decided" textalign="center">I have already made this decision</link-button>
    </panel>
  </button>
  <followup-modal followup-id="1" listeners="prayer-page-give-me-follow-up">
    <fallback>
      <followup-title modifier="bold" x="0" x-trailing-offset="30" xoffset="30">Jesus has come into your life as he promised.</followup-title>
      <followup-body modifier="bold" x="0" x-trailing-offset="30" xoffset="30" yoffset="40">Knowing someone better helps a relationship grow. Would you like to sign up for an email series that can help guide you in your new relationship with Jesus Christ?</followup-body>
      <input-field name="email" type="email" x-trailing-offset="30" xoffset="30" yoffset="10">
        <input-label size="80">Email</input-label>
        <input-placeholder>Email</input-placeholder>
      </input-field>
      <input-field name="name" type="text" valid-format=".+.*\S+.*" x-trailing-offset="30" xoffset="30" yoffset="10">
        <input-label size="80">Name</input-label>
        <input-placeholder>Name</input-placeholder>
      </input-field>
      <button-pair align="right" x-trailing-offset="30" xoffset="30">
        <positive-button h="40" tap-events="follow-up-send,followup:subscribe" w="80">Send</positive-button>
        <negative-button h="40" mode="link" size="70" tap-events="follow-up-no-thanks" w="120">No Thanks</negative-button>
      </button-pair>

      <!-- thank-you should be handled as an embedded page -->
      <thank-you listeners="follow-up-send">
        <text modifier="bold" textalign="center" x-trailing-offset="30" xoffset="30">Thank you</text>
        <text textalign="left" x-trailing-offset="30" xoffset="30">Check your email soon for your first study in following Jesus Christ.</text>
        <text textalign="left" x-trailing-offset="30" xoffset="30">If you don't receive it, please check your spam folder.</text>
        <link-button tap-events="follow-up-thank-you-done" textalign="center">Done</link-button>
      </thank-you>
    </fallback>
  </followup-modal><followup-modal followup-id="1" listeners="prayer-page-already-decided">
            <fallback>
            <followup-body modifier="bold" x="0" x-trailing-offset="30" xoffset="30" yoffset="40">Knowing someone better helps a relationship grow. Would you like to sign up for an email series that can help guide you in your relationship with Jesus Christ?</followup-body>
            <input-field name="email" type="email" x-trailing-offset="30" xoffset="30" yoffset="10">
                <input-label modifier="bold" size="80">Email</input-label>
                <input-placeholder>john.doe@gmail.com</input-placeholder>
            </input-field>
			<input-field name="name" type="text" valid-format=".+.*\S+.*" x-trailing-offset="30" xoffset="30" yoffset="10">
                <input-label modifier="bold" size="80">Name</input-label>
                <input-placeholder>John Doe (Optional)</input-placeholder>
            </input-field>

            <button-pair align="right" x-trailing-offset="30" xoffset="30">
                <positive-button h="40" tap-events="follow-up-send, followup:subscribe" w="80">Send</positive-button>
                <negative-button h="40" mode="link" size="70" tap-events="follow-up-no-thanks" w="120">No Thanks</negative-button>
            </button-pair>

      <!-- thank-you should be handled as an embedded page -->
      <thank-you listeners="follow-up-send">
        <text modifier="bold" textalign="center" x-trailing-offset="30" xoffset="30">Thank you</text>
        <text textalign="left" x-trailing-offset="30" xoffset="30">Check your email soon for your first study in following Jesus Christ.</text>
        <text textalign="left" x-trailing-offset="30" xoffset="30">If you don't receive it, please check your spam folder.</text>
        <link-button tap-events="follow-up-thank-you-done" textalign="center">Done</link-button>
      </thank-you>
        </fallback>

    </followup-modal>
    </page>